"","status","family","pval","qval","type","gene_short_name","num_cells_expressed","perc_cells_expressed","FC","log2FC"
"E2F7","OK","negbinomial.size",1.22766726387405e-06,0.00349050356464669,"protein_coding","E2F7",4,0.0701754385964912,Inf,Inf
"QKI","OK","negbinomial.size",1.87082886538813e-05,0.0336537254544016,"protein_coding","QKI",18,0.315789473684211,7.13142857142857,2.83419110702992
"DLK1","OK","negbinomial.size",9.47807814065351e-07,0.00336850897118826,"protein_coding","DLK1",17,0.298245614035088,3.35448275862069,1.74609032854129
"VIM","OK","negbinomial.size",1.26358198160911e-08,8.98154072527757e-05,"protein_coding","VIM",47,0.824561403508772,2.68,1.42223300068305
